Source File	Size	loadResources	load	generateSnapshots	load-configure	scan	loadDepInfo	loadInfo	checkR4R4B	generateNarratives	validate	loadLists	checkConformanceResources	checkConformanceResources2	checkConformanceResources3	generateLogicalMaps	validateExpressions	scanForUsageStats	checkURLsUnique	processProvenanceDetails	generate1	generate2	generateLogicals	makeDependencies	generateExampleZip	generateValidationPack	scanProfilesForR5	scanExamplesForR5
/fsh-generated/resources/ImplementationGuide-inera.se.hsa.katalog.json	28442	-	0	0	0	0	0	0	13	50	0	0	1	0	0	0	0	1	0	0	115	113	0	0	0	3	0	1
fsh-generated/resources/CapabilityStatement-hsa-catalog-server.json	8220	8	0	0	1	0	0	0	2	23	0	0	0	0	0	0	0	0	0	0	45	79	0	0	0	1	0	0
fsh-generated/resources/CapabilityStatement-hsa-client-1177-hitta-vard.json	4721	3	0	0	0	0	0	0	0	14	0	0	0	0	0	0	0	0	0	0	37	18	0	0	0	1	0	0
fsh-generated/resources/CapabilityStatement-hsa-client-ehr-sync.json	4312	2	0	0	0	0	0	0	1	7	0	0	0	0	0	0	0	0	0	0	28	19	0	0	0	1	0	0
fsh-generated/resources/CapabilityStatement-hsa-client-hierarchy-traversal.json	3141	2	0	0	0	0	0	0	1	6	0	0	0	0	0	0	0	0	0	0	20	15	0	0	0	1	0	0
fsh-generated/resources/CapabilityStatement-hsa-client-npo.json	2315	2	0	0	0	0	0	0	0	5	0	0	0	0	0	0	0	1	0	0	14	14	0	0	0	0	0	0
fsh-generated/resources/CapabilityStatement-hsa-regional-catalog-server.json	7855	3	0	0	0	0	0	0	2	10	0	0	0	0	0	0	0	0	0	0	28	35	0	0	0	1	0	0
fsh-generated/resources/CodeSystem-hsa-object-class.json	2448	2	0	0	1	0	0	0	0	8	0	0	0	0	0	0	0	0	0	0	9	74	0	0	0	1	0	0
fsh-generated/resources/CodeSystem-hsa-telecom-type.json	1542	2	0	0	0	0	0	0	0	2	0	0	0	0	0	0	0	0	0	0	6	51	0	0	0	0	0	0
fsh-generated/resources/HealthcareService-hs-tjanst-blekingesjukhuset.json	1948	4	0	0	0	0	0	0	1	46	0	0	0	0	0	0	0	0	0	0	7	11	0	0	0	0	0	0
fsh-generated/resources/HealthcareService-hs-tjanst-ronneby-vardcentral.json	2517	2	0	0	0	0	0	0	0	6	0	0	0	0	0	0	0	0	0	0	11	10	0	0	0	0	0	0
fsh-generated/resources/Location-location-blekingesjukhuset.json	1415	4	0	0	0	0	0	0	0	154	0	0	0	0	0	0	0	0	0	0	6	6	0	0	0	0	0	0
fsh-generated/resources/Location-location-ronneby-vardcentral.json	942	1	0	0	0	0	0	0	0	4	0	0	0	0	0	0	0	0	0	0	7	8	0	0	0	0	0	0
fsh-generated/resources/NamingSystem-hsa-identity.json	929	4	3	0	0	0	0	0	1	4	213	0	0	0	0	0	0	0	0	0	6	10	0	0	0	0	0	0
fsh-generated/resources/NamingSystem-organisation-nummer.json	862	1	2	0	0	0	0	0	0	2	9	0	0	0	0	0	0	0	0	0	6	11	0	0	0	1	0	0
fsh-generated/resources/Organization-arkiverad-enhet.json	851	2	0	0	0	0	0	0	0	1	0	0	0	0	0	0	0	0	0	0	4	6	0	0	0	0	0	0
fsh-generated/resources/Organization-blekingesjukhuset-vardenhet.json	4637	4	0	0	0	0	0	0	1	4	0	0	0	0	0	0	0	0	0	0	13	13	0	0	0	0	0	0
fsh-generated/resources/Organization-hjartmottagningen-vardenhet.json	4319	3	0	0	0	0	0	0	0	3	0	0	0	0	0	0	0	0	0	0	9	10	0	0	0	0	0	0
fsh-generated/resources/Organization-privat-vardgivare-ab.json	2771	1	0	0	0	0	0	0	0	2	0	0	0	0	0	0	0	0	0	0	7	5	0	0	0	0	0	0
fsh-generated/resources/Organization-region-blekinge-vardgivare.json	2833	2	0	0	0	0	0	0	1	2	0	0	0	0	0	0	0	0	0	0	10	4	0	0	0	0	0	0
fsh-generated/resources/Organization-ronneby-vardcentral-vardenhet.json	4692	3	0	0	0	0	0	0	0	4	0	0	0	0	0	0	0	0	0	0	10	9	0	0	0	0	0	0
fsh-generated/resources/SearchParameter-hsa-id.json	627	4	0	0	0	0	0	0	1	2	0	0	0	0	0	0	0	0	0	0	5	5	0	0	0	0	0	0
fsh-generated/resources/SearchParameter-hsa-org-class.json	718	1	0	0	1	0	0	0	0	2	0	0	0	0	0	0	0	0	0	0	6	5	0	0	0	0	0	0
fsh-generated/resources/SearchParameter-hsa-provided-by.json	682	1	0	0	0	0	0	0	0	1	0	0	0	0	0	0	0	0	0	0	5	6	0	0	0	0	0	0
fsh-generated/resources/StructureDefinition-hsa-catalog-location.json	7923	5	0	46	0	0	1	0	0	601	0	0	1	0	0	0	0	1	0	0	201	793	0	0	0	11	0	1
fsh-generated/resources/StructureDefinition-hsa-catalog-organization.json	20066	9	0	94	0	0	0	0	0	217	0	0	0	0	0	0	0	3	0	0	429	779	0	0	0	16	0	1
fsh-generated/resources/StructureDefinition-hsa-financing-organization.json	1814	2	0	6	0	0	0	0	0	6	0	0	0	0	0	0	0	0	0	0	29	153	0	0	0	1	0	0
fsh-generated/resources/StructureDefinition-hsa-healthcare-provider-organization.json	2529	1	0	59	0	0	0	0	0	32	0	0	0	0	0	0	0	3	0	0	296	460	0	0	0	10	1	2
fsh-generated/resources/StructureDefinition-hsa-healthcare-service.json	9323	5	0	54	0	0	0	0	0	24	0	0	1	0	0	0	0	1	0	0	232	261	0	1	0	11	0	1
fsh-generated/resources/StructureDefinition-hsa-healthcare-unit-organization.json	2533	2	0	53	0	0	0	0	0	24	0	0	0	0	0	0	0	2	0	0	323	365	0	0	0	13	0	2
fsh-generated/resources/StructureDefinition-hsa-patient-info.json	1755	1	0	4	0	0	0	0	0	5	0	0	0	0	0	0	0	1	0	0	34	49	0	0	0	1	0	0
fsh-generated/resources/StructureDefinition-hsa-telecom-type.json	1897	2	0	3	0	0	0	0	0	4	0	0	0	0	0	0	0	0	0	0	34	71	0	0	0	1	0	0
fsh-generated/resources/StructureDefinition-hsa-temporary-notice.json	2037	1	0	2	0	0	0	0	0	4	0	0	0	0	0	0	0	0	0	0	28	64	0	0	0	1	0	0
fsh-generated/resources/ValueSet-hsa-business-type.json	713	1	0	0	1	0	0	0	0	81	0	0	0	0	0	0	0	0	0	0	5	91	0	0	0	0	0	0
fsh-generated/resources/ValueSet-hsa-care-type.json	757	1	0	0	0	0	0	0	0	35	0	0	0	0	0	0	0	0	0	0	4	70	0	0	0	0	0	0
fsh-generated/resources/ValueSet-hsa-destination-indicator.json	752	1	0	0	0	0	0	0	0	1	0	0	0	0	0	0	0	0	0	0	3	72	0	0	0	1	0	0
fsh-generated/resources/ValueSet-hsa-organization-type.json	1477	1	0	0	0	0	0	0	0	3	0	0	0	0	0	0	0	0	0	0	7	80	0	0	0	0	0	0
fsh-generated/resources/ValueSet-hsa-ownership-type.json	664	1	0	0	0	0	0	0	0	34	0	0	0	0	0	0	0	0	0	0	3	72	0	0	0	0	0	0
fsh-generated/resources/ValueSet-hsa-service-type.json	837	1	0	0	0	0	0	0	0	33	0	0	0	0	0	0	0	0	0	0	4	67	0	0	0	0	0	0
fsh-generated/resources/ValueSet-hsa-telecom-type-vs.json	606	0	0	0	0	0	0	0	0	1	0	0	0	0	0	0	0	0	0	0	4	50	0	0	0	0	0	0
/fsh-generated/includes/fsh-link-references.md	2641	-	-	-	0	0	0	0	0	0	0	0	0	0	0	0	0	0	0	0	0	0	0	0	0	0	0	0
/fsh-generated/includes/menu.xml	1795	-	-	-	0	0	0	0	0	0	0	0	0	0	0	0	0	0	0	0	0	1	0	0	0	0	0	0
/input/pagecontent/api.md	5592	-	-	-	0	0	0	0	0	0	0	0	0	0	0	0	0	0	0	0	0	1	0	0	0	0	0	0
/input/pagecontent/address-transition.md	3044	-	-	-	0	0	0	0	0	0	0	0	0	0	0	0	0	0	0	0	0	0	0	0	0	0	0	0
/input/pagecontent/index.md	3874	-	-	-	0	0	0	0	0	0	0	0	0	0	0	0	0	0	0	0	0	0	0	0	0	0	0	0
/input/pagecontent/design-principles.md	2890	-	-	-	0	0	0	0	0	0	0	0	0	0	0	0	0	0	0	0	0	1	0	0	0	0	0	0
/input/pagecontent/client-rendering.md	8561	-	-	-	0	0	0	0	0	0	0	0	0	0	0	0	0	0	0	0	0	0	0	0	0	0	0	0
/input/pagecontent/ehm-alignment.md	1600	-	-	-	0	0	0	0	0	0	0	0	0	0	0	0	0	0	0	0	0	0	0	0	0	0	0	0
/input/pagecontent/organization-hierarchy.md	4255	-	-	-	0	0	0	0	0	0	0	0	0	0	0	0	0	0	0	0	0	1	0	0	0	0	0	0
/input/pagecontent/profiles.md	4456	-	-	-	0	0	0	0	0	0	0	0	0	0	0	0	0	0	0	0	0	0	0	0	0	0	0	0
/input/pagecontent/downloads.md	9154	-	-	-	0	0	0	0	0	0	0	0	0	0	0	0	0	0	0	0	0	1	0	0	0	0	0	0
/input/pagecontent/ldap-mapping.md	11775	-	-	-	0	0	0	0	0	0	0	0	0	0	0	0	0	0	0	0	0	1	0	0	0	0	0	0
/input/pagecontent/terminology.md	2981	-	-	-	0	0	0	0	0	0	0	0	0	0	0	0	0	0	0	0	0	1	0	0	0	0	0	0
/input/pagecontent/use-cases.md	3859	-	-	-	0	0	0	0	0	0	0	0	0	0	0	0	0	0	0	0	0	0	0	0	0	0	0	0
/template/config	0	-	-	-	0	0	0	0	0	0	0	0	0	0	0	0	0	0	0	0	0	0	0	0	0	0	0	0
/template/config/_config.yml	140	-	-	-	0	0	0	0	0	0	0	0	0	0	0	0	0	0	0	0	0	0	0	0	0	0	0	0
/temp/pages/_includes/artifacts.xml	30961	-	-	-	-	-	-	-	-	-	-	-	-	-	-	-	-	-	-	-	-	3	0	0	0	0	0	0
