URL,Version,Status,OIDs,Name,Title,Description,Uses,Used,Sources
http://hl7.org/fhir/ValueSet/address-type,5.0.0,active,"2.16.840.1.113883.4.642.3.69",AddressType,AddressType,"The type of an address (physical / postal).","StructureDefinition/hsa-catalog-location,StructureDefinition/hsa-healthcare-unit-organization,StructureDefinition/hsa-healthcare-provider-organization,StructureDefinition/hsa-catalog-organization","hl7.fhir.r5.core"
http://hl7.org/fhir/ValueSet/address-use,5.0.0,active,"2.16.840.1.113883.4.642.3.67",AddressUse,AddressUse,"The use of an address.","StructureDefinition/hsa-catalog-location,StructureDefinition/hsa-healthcare-unit-organization,StructureDefinition/hsa-healthcare-provider-organization,StructureDefinition/hsa-catalog-organization","hl7.fhir.r5.core"
http://hl7.org/fhir/ValueSet/all-languages,5.0.0,active,"2.16.840.1.113883.4.642.3.21",AllLanguages,All Languages,"This value set includes all possible codes from BCP-47 (see http://tools.ietf.org/html/bcp47)","StructureDefinition/hsa-catalog-location,StructureDefinition/hsa-healthcare-unit-organization,StructureDefinition/hsa-healthcare-provider-organization,StructureDefinition/hsa-healthcare-service,StructureDefinition/hsa-catalog-organization","Other"
http://hl7.org/fhir/ValueSet/c80-practice-codes,5.0.0,active,"2.16.840.1.113883.4.642.2.134,2.16.840.1.113883.3.88.12.80.72",PracticeSettingCodeValueSet,Practice Setting Code Value Set,"This is the code representing the clinical specialty of the clinician or provider who    interacted with, treated, or provided a service to/for the patient. The value set used    for clinical specialty has been limited by HITSP to the value set reproduced from HITSP    C80 Table 2-149 Clinical Specialty Value Set Definition.","StructureDefinition/hsa-healthcare-service","SCT"
http://hl7.org/fhir/ValueSet/common-tags,5.0.0,draft,"2.16.840.1.113883.4.642.3.79",CommonTags,Common Tags,"Common Tag Codes defined by FHIR project","StructureDefinition/hsa-catalog-location,StructureDefinition/hsa-healthcare-unit-organization,StructureDefinition/hsa-healthcare-provider-organization,StructureDefinition/hsa-healthcare-service,StructureDefinition/hsa-catalog-organization","THO (V3),THO"
http://hl7.org/fhir/ValueSet/contact-point-system,5.0.0,active,"2.16.840.1.113883.4.642.3.71",ContactPointSystem,ContactPointSystem,"Telecommunications form for contact point.","StructureDefinition/hsa-healthcare-unit-organization,StructureDefinition/hsa-healthcare-provider-organization,StructureDefinition/hsa-catalog-organization","hl7.fhir.r5.core"
http://hl7.org/fhir/ValueSet/contact-point-use,5.0.0,active,"2.16.840.1.113883.4.642.3.73",ContactPointUse,ContactPointUse,"Use of contact point.","StructureDefinition/hsa-healthcare-unit-organization,StructureDefinition/hsa-healthcare-provider-organization,StructureDefinition/hsa-catalog-organization","hl7.fhir.r5.core"
http://hl7.org/fhir/ValueSet/days-of-week,5.0.0,active,"2.16.840.1.113883.4.642.3.512,2.16.840.1.113883.4.642.2.302,2.16.840.1.113883.4.642.3.506",DaysOfWeek,Days Of Week,"The days of the week.","StructureDefinition/hsa-healthcare-service","hl7.fhir.r5.core"
http://hl7.org/fhir/ValueSet/identifier-type,5.0.0,active,"2.16.840.1.113883.4.642.3.45",IdentifierTypeCodes,Identifier Type Codes,"A coded type for an identifier that can be used to determine which identifier to use for a specific purpose.","StructureDefinition/hsa-catalog-location,StructureDefinition/hsa-healthcare-unit-organization,StructureDefinition/hsa-healthcare-provider-organization,StructureDefinition/hsa-catalog-organization","THO (V2)"
http://hl7.org/fhir/ValueSet/identifier-use,5.0.0,active,"2.16.840.1.113883.4.642.3.57",IdentifierUse,IdentifierUse,"Identifies the purpose for this identifier, if known .","StructureDefinition/hsa-catalog-location,StructureDefinition/hsa-healthcare-unit-organization,StructureDefinition/hsa-healthcare-provider-organization,StructureDefinition/hsa-catalog-organization","hl7.fhir.r5.core"
http://hl7.org/fhir/ValueSet/languages,5.0.0,active,"2.16.840.1.113883.4.642.3.891,2.16.840.1.113883.4.642.3.20",CommonLanguages,Common Languages,"This value set includes common codes from BCP-47 (see http://tools.ietf.org/html/bcp47)","StructureDefinition/hsa-catalog-location,StructureDefinition/hsa-healthcare-unit-organization,StructureDefinition/hsa-healthcare-provider-organization,StructureDefinition/hsa-healthcare-service,StructureDefinition/hsa-catalog-organization","Other"
http://hl7.org/fhir/ValueSet/location-characteristic,5.0.0,draft,"2.16.840.1.113883.4.642.3.3079",LocationCharacteristic,Location Characteristic,"Example Set of Location Characteristics","StructureDefinition/hsa-catalog-location","hl7.fhir.r5.core"
http://hl7.org/fhir/ValueSet/location-form,5.0.0,draft,"2.16.840.1.113883.4.642.3.328",LocationForm,Location Form,"This example value set defines a set of codes that can be used to indicate the physical form of the Location.","StructureDefinition/hsa-catalog-location","THO"
http://hl7.org/fhir/ValueSet/location-mode,5.0.0,draft,"2.16.840.1.113883.4.642.3.321,2.16.840.1.113883.4.642.2.181,2.16.840.1.113883.4.642.3.330",LocationMode,Location Mode,"Indicates whether a resource instance represents a specific location or a class of locations.","StructureDefinition/hsa-catalog-location","hl7.fhir.r5.core"
http://hl7.org/fhir/ValueSet/location-status,5.0.0,draft,"2.16.840.1.113883.4.642.3.323,2.16.840.1.113883.4.642.3.332,2.16.840.1.113883.4.642.2.182",LocationStatus,Location Status,"Indicates whether the location is still in use.","StructureDefinition/hsa-catalog-location","hl7.fhir.r5.core"
http://hl7.org/fhir/ValueSet/organization-type,5.0.0,draft,"2.16.840.1.113883.4.642.2.228,2.16.840.1.113883.4.642.3.414,2.16.840.1.113883.4.642.3.403",OrganizationType,Organization Type,"This example value set defines a set of codes that can be used to indicate a type of organization.","StructureDefinition/hsa-healthcare-unit-organization,StructureDefinition/hsa-healthcare-provider-organization,StructureDefinition/hsa-catalog-organization","THO"
http://hl7.org/fhir/ValueSet/program,5.0.0,draft,"2.16.840.1.113883.4.642.3.1383",Program,Program,"This value set defines an example set of codes that could be can be used to classify groupings of service-types/specialties.","StructureDefinition/hsa-healthcare-service","THO"
http://hl7.org/fhir/ValueSet/security-labels,5.0.0,active,"2.16.840.1.113883.4.642.3.46,2.16.840.1.113883.4.642.2.31,2.16.840.1.113883.4.642.3.47",AllSecurityLabels,All Security Labels,"A single value set for all security labels defined by FHIR.","StructureDefinition/hsa-catalog-location,StructureDefinition/hsa-healthcare-unit-organization,StructureDefinition/hsa-healthcare-provider-organization,StructureDefinition/hsa-healthcare-service,StructureDefinition/hsa-catalog-organization",
http://hl7.org/fhir/ValueSet/service-category,5.0.0,draft,"2.16.840.1.113883.4.642.3.510,2.16.840.1.113883.4.642.3.516",ServiceCategory,Service Category,"This value set defines an example set of codes that can be used to classify groupings of service-types/specialties.","StructureDefinition/hsa-healthcare-service","THO"
http://hl7.org/fhir/ValueSet/service-mode,5.0.0,draft,"2.16.840.1.113883.4.642.4.3322",ServiceMode,Service Mode,"An example set of Service Modes that could be applicable to use to characterize HealthcareServices or PractitionerRoles while searching","StructureDefinition/hsa-healthcare-service","hl7.fhir.r5.core"
http://hl7.org/fhir/ValueSet/service-provision-conditions,5.0.0,draft,"2.16.840.1.113883.4.642.2.303,2.16.840.1.113883.4.642.3.514,2.16.840.1.113883.4.642.3.508",ServiceProvisionConditions,Service Provision Conditions,"The code(s) that detail the conditions under which the healthcare service is available/offered.","StructureDefinition/hsa-healthcare-service","THO"
http://hl7.org/fhir/ValueSet/service-referral-method,5.0.0,draft,"2.16.840.1.113883.4.642.3.510,2.16.840.1.113883.4.642.2.301,2.16.840.1.113883.4.642.3.504",ReferralMethod,Referral Method,"The methods of referral can be used when referring to a specific HealthcareService resource.","StructureDefinition/hsa-healthcare-service","THO"
http://hl7.org/fhir/ValueSet/service-type,5.0.0,draft,"2.16.840.1.113883.4.642.3.512,2.16.840.1.113883.4.642.3.518",ServiceType,Service Type,"This value set defines an example set of codes of service-types.","StructureDefinition/hsa-healthcare-service","THO"
http://terminology.hl7.org/ValueSet/contactentity-type,2.0.0,active,"2.16.840.1.113883.4.642.3.416",ContactEntityType,Contact entity type,"This example value set defines a set of codes that can be used to indicate the purpose for which you would contact a contact party.","StructureDefinition/hsa-healthcare-unit-organization,StructureDefinition/hsa-healthcare-provider-organization,StructureDefinition/hsa-catalog-organization","THO"
http://terminology.hl7.org/ValueSet/v2-0116,3.0.0,active,"2.16.840.1.113883.21.51",Hl7VSBedStatus,hl7VS-bedStatus,"Value Set of codes that specify the state of a bed in an inpatient setting, and is used to determine if a patient may be assigned to it or not.","StructureDefinition/hsa-catalog-location","THO (V2)"
http://terminology.hl7.org/ValueSet/v3-ServiceDeliveryLocationRoleType,3.0.0,active,"2.16.840.1.113883.1.11.17660",ServiceDeliveryLocationRoleType,ServiceDeliveryLocationRoleType,"A role of a place that further classifies the setting (e.g., accident site, road side, work site, community location) in which services are delivered.","StructureDefinition/hsa-catalog-location","THO (V3)"
https://hsa.inera.se/fhir/ValueSet/hsa-business-type,0.1.0,active,,HsaBusinessTypeVS,HSA Enhetstyp (hsaBusinessType),"Enhetstyp för organisation eller enhet i HSA. System: HSA enhetstyp-kodverk (OID 1.2.752.129.2.2.1.12). Typiska värden: sjukhus, vårdcentral, apotek m.fl.","StructureDefinition/hsa-healthcare-unit-organization,StructureDefinition/hsa-healthcare-provider-organization,StructureDefinition/hsa-catalog-organization","Other"
https://hsa.inera.se/fhir/ValueSet/hsa-care-type,0.1.0,active,,HsaCareTypeVS,HSA Vård- och omsorgsform (careType),"Tillåtna koder för vård- och omsorgsform (careType). Obligatorisk för vårdenheter. System: OID 1.2.752.129.2.2.1.13. Kända värden: 01=Öppen vård, 02=Sluten vård, 03=Hemsjukvård, 04=Socialtjänst.","StructureDefinition/hsa-healthcare-service","Other"
https://hsa.inera.se/fhir/ValueSet/hsa-destination-indicator,0.1.0,active,,HsaDestinationIndicatorVS,HSA Visas för (hsaDestinationIndicator),"Koder för visningsscope i HSA (hsaDestinationIndicator). Kod 03 = Internet/allmänheten = publik visning på t.ex. 1177 Hitta vård. System: OID 1.2.752.29.23.1.11.","StructureDefinition/hsa-catalog-location,StructureDefinition/hsa-healthcare-unit-organization,StructureDefinition/hsa-healthcare-provider-organization,StructureDefinition/hsa-healthcare-service,StructureDefinition/hsa-catalog-organization","Other"
https://hsa.inera.se/fhir/ValueSet/hsa-organization-type,0.1.0,active,,HsaOrganizationTypeVS,HSA Organisationstyp,"Tillåtna klassificeringar för Organization.type i HSA-profiler. Kombinerar HSA-objektklasser (vårdgivare/vårdenhet) med enhetstyp-kodverk (sjukhus, vårdcentral, apotek).","StructureDefinition/hsa-healthcare-unit-organization,StructureDefinition/hsa-healthcare-provider-organization,StructureDefinition/hsa-catalog-organization","Internal,Other"
https://hsa.inera.se/fhir/ValueSet/hsa-ownership-type,0.1.0,active,,HsaOwnershipTypeVS,HSA Ägarform,"Tillåtna koder för ägarform (management/regi) på Organization. System: HSA ägarform-kodverk (OID 1.2.752.129.2.2.1.14).","StructureDefinition/hsa-healthcare-unit-organization,StructureDefinition/hsa-healthcare-provider-organization,StructureDefinition/hsa-catalog-organization","Other"
https://hsa.inera.se/fhir/ValueSet/hsa-service-type,0.1.0,active,,HsaServiceTypeVS,HSA Verksamhetskod (businessClassificationCode),"Tillåtna verksamhetskoder för HealthcareService.type. System: HSA verksamhetskod-kodverk (OID 1.2.752.129.2.2.1.3). Faktiska kodvärden hämtas från Terminologitjänsten (terminologitjansten.inera.se). Jämförs med eHMs Nationella vårdtjänster v.1.0.0 (SRC-014).","StructureDefinition/hsa-healthcare-service","Other"
https://hsa.inera.se/fhir/ValueSet/hsa-telecom-type,0.1.0,active,,HsaTelecomTypeVS,HSA Kontaktvägstyp,"Tillåtna typer av kontaktvägar i HSA.","StructureDefinition/hsa-telecom-type","Internal"
